,N,mean,mean: m=0.1,mean: m=0.2,mean: m=0.5,mean: m=0.8,mean: m=0.9,p,variance,variance: m=0.1,variance: m=0.2,variance: m=0.5,variance: m=0.8,variance: m=0.9
0,10.0,9.6555,7.14415,5.5789,4.82605,4.83045,4.82995,0.25,2.7494197499999995,2.0497957775000004,1.6534747899999998,0.6830663975000001,0.6880777975,0.7045579975
1,10.0,14.9475,12.32995,10.7979,7.67905,7.49755,7.4912,0.5,2.20554375,1.6284079974999996,1.44980559,0.8410160974999998,0.5473189975,0.54727256
