,N,alpha,mean,mean: m=0.1,mean: m=0.2,mean: m=0.5,mean: m=0.8,mean: m=0.9,variance,variance: m=0.1,variance: m=0.2,variance: m=0.5,variance: m=0.8,variance: m=0.9
0,10.0,1.0,50.04332649763383,40.705397933149705,35.98371510719922,28.801325464224124,25.89571415564901,25.421798039656988,18.716415391000545,9.064747458021268,6.074705330767029,4.216172905379143,4.341280946036422,4.528149548395403
