,N,mean,mean: m=0.1,mean: m=0.2,mean: m=0.5,mean: m=0.8,mean: m=0.9,p,variance,variance: m=0.1,variance: m=0.2,variance: m=0.5,variance: m=0.8,variance: m=0.9
0,10.0,41.328,31.3047,26.3482,19.1824,16.4757,15.8325,0.6321205588285577,18.353816,8.78305791,6.609956760000001,5.32393024,5.603809509999999,5.90044375
